{
  "config": {
    "steps": 1200,
    "seeds": "1,7,42",
    "n_pairs": 8,
    "train_len": 64,
    "d_model": 128,
    "d_head": 32,
    "out": "results/holo_readout_shootout.json"
  },
  "chance": 0.015625,
  "summary": {
    "attn": {
      "mean": 0.9967447916666666,
      "std": 0.003617531049950011,
      "per_seed": [
        0.99169921875,
        1.0,
        0.99853515625
      ]
    },
    "holo_off": {
      "mean": 0.01611328125,
      "std": 0.0019933998557805812,
      "per_seed": [
        0.013671875,
        0.01611328125,
        0.0185546875
      ]
    },
    "holo_tanh_m": {
      "mean": 0.07177734375,
      "std": 0.034004854192344044,
      "per_seed": [
        0.083984375,
        0.10595703125,
        0.025390625
      ]
    },
    "holo_layernorm": {
      "mean": 0.019694010416666668,
      "std": 0.0016112459206724717,
      "per_seed": [
        0.0185546875,
        0.02197265625,
        0.0185546875
      ]
    },
    "holo_rms": {
      "mean": 0.0234375,
      "std": 0.010705132586201399,
      "per_seed": [
        0.03857421875,
        0.01611328125,
        0.015625
      ]
    }
  },
  "elapsed_s": 1269.3
}