{
  "d_model": 128,
  "batch": 8,
  "chunk": 64,
  "overlap": 16,
  "detach": true,
  "tokens": 3000320,
  "elapsed_s": 193.1,
  "base_heldout": 8.6851,
  "final_heldout": 5.2172,
  "heldout_slope_back_half": -8.999368686868532e-08,
  "rss_slope_gb_per_10M": 0.233004,
  "peak_rss_gb": 0.822,
  "curve": [
    [
      153600,
      5.8216,
      0.766
    ],
    [
      307200,
      5.6933,
      0.766
    ],
    [
      460800,
      5.572,
      0.769
    ],
    [
      614400,
      5.5406,
      0.774
    ],
    [
      768000,
      5.4367,
      0.777
    ],
    [
      921600,
      5.4572,
      0.777
    ],
    [
      1075200,
      5.4208,
      0.78
    ],
    [
      1228800,
      5.3814,
      0.78
    ],
    [
      1382400,
      5.3507,
      0.78
    ],
    [
      1536000,
      5.3034,
      0.78
    ],
    [
      1689600,
      5.3377,
      0.814
    ],
    [
      1843200,
      5.2825,
      0.814
    ],
    [
      1996800,
      5.3833,
      0.814
    ],
    [
      2150400,
      5.2799,
      0.816
    ],
    [
      2304000,
      5.2763,
      0.816
    ],
    [
      2457600,
      5.2226,
      0.816
    ],
    [
      2611200,
      5.2346,
      0.816
    ],
    [
      2764800,
      5.2263,
      0.816
    ],
    [
      2918400,
      5.2172,
      0.822
    ]
  ]
}